sp,massGrams,source
Abeomelomys sevia,54.88,4
Allactaga balikunica,69,2
Allactaga bullata,93.5,2
Allactaga elater,47,2
Allactaga major,353.5,2
Allactaga severtzovi,160.9,2
Allactaga sibirica,126,2
Allactaga vinogradovi,75.2,2
Allactaga williamsi,95.8,2
Allactodipus bobrinskii,70,2
Allocricetulus curtatus,59.9,2
Allocricetulus eversmanni,50,2
Ammospermophilus leucurus,103.92,4
Anisomys imitator,530,1
Apodemus agrarius,27.8,2
Apodemus flavicollis,43.2,2
Apodemus uralensis,16.7,2
Arvicola amphibius,139,2
Baiomys musculus,19.6,1
Baiomys taylori,7.730769231,1
Brachytarsomys albicauda,209,7
Brachyuromys betsileoensis,93.58,4
Cardiocranius paradoxus,13.9,2
Castor fiber,13000,2
Chaetodipus baileyi,19.5,1
Chaetodipus intermedius,9.2,1
Chaetodipus nelsoni,18.11764706,1
Chaetodipus penicillatus,13,1
Chiruromys forbesi,109.5714286,1
Chiruromys lamia,45.42857143,1
Chiruromys vates,47.5,1
Cratogeomys fumosus,485,1
Cricetulus barabensis,24.6,2
Cricetulus kamensis,30,8
Cricetulus longicaudatus,23,2
Cricetulus migratorius,38,2
Cricetulus sokolovi,28,2
Cricetus cricetus,445,2
Dendromus insignis,15,3
Dendromus melanotis,11.2,2
Dendromus mesomelas,12,2
Dendromus mystacalis,9,2
Dipodomys merriami,42.71428571,1
Dipodomys nelsoni,89,1
Dipodomys ordii,45,1
Dipodomys phillipsii,46,1
Dipus sagitta,76.4,2
Dryomys nitedula,30,2
Eliomys quercinus,66.2,2
Eliurus minor,38,7
Eliurus myoxinus,69.76,4
Eliurus tanala,109,7
Eliurus webbi,45,7
Eremodipus lichtensteini,50.3,2
Euchoreutes naso,34,2
Glaucomys volans,68.5,1
Gymnuromys roberti,97.5,4
Habromys ixtlani,36,1
Habromys lophurus,31.75,1
Habromys schmidlyi,15.28571429,1
Habromys simulatus,15.47647059,1
Handleyomys chapmani,34.23571429,1
Heteromys desmarestianus,68.66666667,1
Heteromys gaumeri,64,4
Hydromys chrysogaster,626,1
Hyomys goliath,960,1
Jaculus blanfordi,108,2
Leggadina forresti,19.1,1
Leporillus conditor,408.5,1
Leptomys elegans,78.7,1
Leptomys ernstmayri,44.25,1
Liomys irroratus,57.40909091,1
Liomys pictus,50.25,1
Lorentzimys nouhuysi,15.33333333,1
Macrotarsomys bastardi,28.45,4
Macrotarsomys ingens,54.99,4
Mallomys aroaensis,1238,1
Mastacomys fuscus,103,1
Mastomys natalensis,69.59,1
Megadontomys cryophilus,73.23636364,4
Megadontomys nelsoni,72,1
Megadontomys thomasi,63.75,1
Melomys burtoni,31.36666667,1
Melomys capensis,74,1
Melomys cervinipes,71.2,4
Melomys leucogaster,122.0384615,1
Mesembriomys gouldii,705,6
Mesocricetus auratus,124.2,2
Mesocricetus brandti,133.8,2
Mesocricetus newtoni,132.5,2
Mesocricetus raddei,210,2
Micromys minutus,6.6,2
Microtus agrestis,35,2
Microtus arvalis,27.2,2
Microtus levis,29,2
Microtus mexicanus,32.5,1
Microtus oaxacensis,34.75,1
Microtus oeconomus,67,2
Microtus quasiater,27.33333333,1
Microtus subterraneus,18,2
Mus musculus,16.7,2
Muscardinus avellanarius,19,2
Myodes glareolus,25.3,2
Nelsonia goldmani,42,1
Neotoma albigula,168.75,1
Neotoma goldmani,95.2,1
Neotoma leucodon,189.4,1
Neotoma mexicana,116.3636364,1
Neotomodon alstoni,35.35,1
Nesomys audeberti,216,2
Nesomys rufus,174,2
Notomys alexis,33,6
Notomys aquilo,40,6
Notomys cervinus,34.79,4
Notomys fuscus,32,6
Notomys mitchellii,42.04,1
Nyctomys sumichrasti,40.75,1
Oligoryzomys fulvescens,29.78571429,1
Ondatra zibethicus,8000,2
Onychomys arenicola,30,4
Onychomys leucogaster,35.25,1
Oryzomys couesi,42.81818182,1
Osgoodomys banderanus,36.71428571,1
Otonyctomys hatti,49,1
Ototylomys phyllotis,71.14166667,1
Paradipus ctenodactylus,152,2
Perognathus flavus,8,1
Perognathus merriami,9,1
Peromyscus aztecus,29.72857143,1
Peromyscus beatae,24.5,1
Peromyscus eremicus,20,1
Peromyscus furvus,56.32352941,1
Peromyscus gratus,19.91666667,1
Peromyscus guatemalensis,52,1
Peromyscus hylocetes,36.22413793,1
Peromyscus leucopus,47.15,1
Peromyscus levipes,25.09444444,1
Peromyscus maniculatus,16.25,1
Peromyscus megalops,52.35555556,1
Peromyscus melanocarpus,49.065,1
Peromyscus melanophrys,45.23076923,1
Peromyscus melanotis,21.26785714,1
Peromyscus mexicanus,43.23076923,1
Peromyscus ochraventer,31.63636364,1
Peromyscus pectoralis,19.205,1
Peromyscus perfulvus,44.2625,1
Peromyscus schmidlyi,20.625,1
Peromyscus spicilegus,29.8,1
Peromyscus zarhynchus,47,1
Phodopus roborovskii,23,2
Phodopus sungorus,29,2
Pogonomys macrourus,46.98,4
Pseudohydromys ellermani,19,1
Pseudohydromys murinus,16,1
Pseudomys australis,42.25,1
Pseudomys bolami,15.5,4
Pseudomys delicatulus,9.4,1
Pseudomys gracilicaudatus,79.53,4
Pseudomys hermannsburgensis,12,1
Pseudomys higginsi,63.16,4
Pseudomys novaehollandiae,15.05,1
Pseudomys oralis,95,4
Pteromys volans,161,2
Pygeretmus platyurus,26.8,2
Pygeretmus pumilio,52,2
Pygeretmus zhitkovi,53,2
Rattus exulans,44.6,1
Rattus fuscipes,84.83333333,1
Rattus leucopus,98.35325,1
Rattus lutreolus,104.6944444,1
Rattus norvegicus,349.3,2
Rattus omichlodes,53,1
Rattus rattus,168.3333333,1
Rattus richardsoni,65,1
Rattus sordidus,118,6
Rattus tanezumi,185.2857143,5
Rattus tiomanicus,119.29,4
Rattus tunneyi,86,6
Rattus villosissimus,143.625,1
Reithrodontomys bakeri,13,1
Reithrodontomys chrysopsis,16.8,1
Reithrodontomys fulvescens,12.8,1
Reithrodontomys megalotis,10.95454545,1
Reithrodontomys mexicanus,13.80434783,1
Reithrodontomys microdon,10.25,1
Reithrodontomys tenuirostris,17,1
Rheomys mexicanus,31,5
Salpingotus crassicauda,7.8,2
Sciurus aureogaster,479.56,1
Sciurus oculatus,770,1
Sciurus vulgaris,293,2
Scotinomys teguina,11.83333333,1
Sicista betulina,9.2,2
Sicista caucasica,6.2,2
Sicista caudata,10.5,2
Sicista napaea,11.8,2
Sicista pseudonapaea,12.2,2
Sicista subtilis,8.4,2
Sicista tianshanica,9.6,2
Sigmodon arizonae,97,4
Sigmodon leucotis,98,1
Sigmodon mascotensis,135.0333333,1
Spermophilus variegatus,709.2,1
Sphiggurus mexicanus,3500,1
Stylodipus andrewsi,81.8,2
Tscherskia triton,125.6,2
Tylomys nudicaudus,251.1666667,1
Uromys caudimaculatus,868.05,1
Xenuromys barbatus,900,1
Zapus hudsonius,18.43,4
Zyzomys argurus,56.66666667,1
